{"cameraMode":{"drawMode":0,"name":"Shaded","section":"Shading Mode"},"sceneLighting":false,"audioPlay":false,"sceneViewState":{"showFog":true,"showMaterialUpdate":false,"showSkybox":false,"showFlares":true,"showImageEffects":true,"showParticleSystems":true},"in2DMode":false,"pivot":{"x":1.3553740978240967,"y":1.2749273777008057,"z":0.1910562515258789},"rotation":{"x":-0.15786072611808778,"y":-0.15066029131412507,"z":0.024379301816225053,"w":-0.9755957722663879},"size":6.357091903686523,"orthographic":false}