{"cameraMode":{"drawMode":0,"name":"Shaded","section":"Shading Mode"},"sceneLighting":true,"audioPlay":false,"sceneViewState":{"showFog":true,"showMaterialUpdate":false,"showSkybox":true,"showFlares":true,"showImageEffects":true,"showParticleSystems":true},"in2DMode":false,"pivot":{"x":-9.858477592468262,"y":4.463803291320801,"z":-2.8514270782470705},"rotation":{"x":0.17715390026569367,"y":0.08844874799251557,"z":-0.015985915437340738,"w":0.9800703525543213},"size":7.614622592926025,"orthographic":false}