{"cameraMode":{"drawMode":0,"name":"Shaded","section":"Shading Mode"},"sceneLighting":false,"audioPlay":false,"sceneViewState":{"showFog":true,"showMaterialUpdate":false,"showSkybox":false,"showFlares":true,"showImageEffects":true,"showParticleSystems":true},"in2DMode":false,"pivot":{"x":-9.593000411987305,"y":0.7953112125396729,"z":-4.240965843200684},"rotation":{"x":0.19680815935134889,"y":0.1275419443845749,"z":-0.02582886442542076,"w":0.9717677235603333},"size":3.895331621170044,"orthographic":false}