{"cameraMode":{"drawMode":0,"name":"Shaded","section":"Shading Mode"},"sceneLighting":false,"audioPlay":false,"sceneViewState":{"showFog":true,"showMaterialUpdate":false,"showSkybox":false,"showFlares":true,"showImageEffects":true,"showParticleSystems":true},"in2DMode":false,"pivot":{"x":2.940000057220459,"y":0.6299999356269836,"z":-4.119999885559082},"rotation":{"x":0.06915191560983658,"y":0.9142611026763916,"z":-0.1766091287136078,"w":0.35798582434654238},"size":11.443740844726563,"orthographic":false}