{"cameraMode":{"drawMode":0,"name":"Shaded","section":"Shading Mode"},"sceneLighting":false,"audioPlay":false,"sceneViewState":{"showFog":true,"showMaterialUpdate":false,"showSkybox":false,"showFlares":true,"showImageEffects":true,"showParticleSystems":true},"in2DMode":false,"pivot":{"x":-14.099985122680664,"y":-4.590754508972168,"z":-0.7491364479064941},"rotation":{"x":0.33763977885246279,"y":-0.2573275566101074,"z":0.09650959074497223,"w":0.9002599120140076},"size":22.0,"orthographic":false}