{"cameraMode":{"drawMode":0,"name":"Shaded","section":"Shading Mode"},"sceneLighting":false,"audioPlay":false,"sceneViewState":{"showFog":true,"showMaterialUpdate":false,"showSkybox":false,"showFlares":true,"showImageEffects":true,"showParticleSystems":true},"in2DMode":false,"pivot":{"x":-5.184185981750488,"y":0.125,"z":-3.930000066757202},"rotation":{"x":0.34883540868759158,"y":0.06794380396604538,"z":-0.025365810841321946,"w":0.934373676776886},"size":3.56146240234375,"orthographic":false}